section,backbone,dataset,method,old_gain_mean,old_gain_std,current_delta_mean,current_delta_std
main,Whisper-small,CL-MASR,LwF,0.74,0.18,0.56,0.17
main,Whisper-small,CL-MASR,ER,2.31,0.27,0.65,0.18
main,Whisper-small,CL-MASR,SVT,2.14,0.25,0.44,0.16
main,Whisper-small,CL-MASR,WFC,2.28,0.24,0.49,0.15
main,Whisper-small,CL-MASR,UGP,2.58,0.23,0.31,0.14
main,Whisper-small,CL-MASR,N-best MWER,1.76,0.24,0.09,0.17
main,Whisper-small,CL-MASR,CGMR,1.97,0.18,-1.05,0.22
main,Whisper-small,CL-MASR,ER+CGMR,3.74,0.22,-0.97,0.11
main,Whisper-small,FLEURS,LwF,0.31,0.12,0.22,0.10
main,Whisper-small,FLEURS,ER,1.18,0.19,0.52,0.17
main,Whisper-small,FLEURS,SVT,0.94,0.17,0.29,0.13
main,Whisper-small,FLEURS,WFC,1.32,0.20,0.41,0.15
main,Whisper-small,FLEURS,UGP,1.51,0.18,0.24,0.12
main,Whisper-small,FLEURS,N-best MWER,0.88,0.16,-0.03,0.09
main,Whisper-small,FLEURS,CGMR,2.16,0.15,-1.17,0.08
main,Whisper-small,FLEURS,ER+CGMR,2.63,0.17,-0.98,0.09
cross-backbone,OWSM v3.1-small,FLEURS,ER,0.74,0.21,0.34,0.15
cross-backbone,OWSM v3.1-small,FLEURS,N-best MWER,1.06,0.18,0.06,0.11
cross-backbone,OWSM v3.1-small,FLEURS,CGMR,1.89,0.17,-1.09,0.10
cross-backbone,OWSM v3.1-small,FLEURS,ER+CGMR,2.18,0.19,-0.87,0.12
cross-backbone,SeamlessM4T-v2-Large,FLEURS,ER,0.63,0.14,0.16,0.09
cross-backbone,SeamlessM4T-v2-Large,FLEURS,N-best MWER,0.46,0.12,-0.01,0.07
cross-backbone,SeamlessM4T-v2-Large,FLEURS,CGMR,1.77,0.13,-1.06,0.07
cross-backbone,SeamlessM4T-v2-Large,FLEURS,ER+CGMR,1.91,0.15,-0.99,0.08
